rna,model,run,Clashscore all atoms,Clashscore all atoms percentile,Probably wrong sugar puckers (%),Bad backbone conformations (%),Bad bonds (%),Bad angles (%),Chiral handedness swaps (%),Tetrahedral geometry outliers,rms_all,rms_bb,length_target,Tetrahedral geometry outliers (%),length_target_norm
4UKV_B,1,base,1.29,99.0,13.22,26.67,0.0,0.85,2.29,0.0,4.27,3.98,121,0.0,0.07219570405727924
4UKV_B,6,base,0.77,99.0,9.09,24.17,0.0,0.61,1.67,0.0,4.32,4.22,121,0.0,0.07219570405727924
4UKV_B,2,base,2.07,99.0,10.74,23.33,0.0,0.7,2.29,0.0,3.92,3.76,121,0.0,0.07219570405727924
4UKV_B,5,base,0.52,99.0,8.26,20.0,0.0,0.49,1.88,0.0,4.33,4.24,121,0.0,0.07219570405727924
4UKV_B,3,base,0.77,99.0,8.26,20.83,0.0,0.45,1.46,0.0,3.76,3.63,121,0.0,0.07219570405727924
4UKV_B,4,base,3.1,98.0,11.57,23.33,0.0,1.03,1.67,0.0,4.42,4.37,121,0.0,0.07219570405727924
4UKV_B,7,base,4.64,95.0,13.22,63.64,0.0,1.02,0.62,0.0,2.68,2.16,121,0.0,0.07219570405727924
4ULN_J,1,base,0.26,99.0,14.05,30.83,0.0,0.76,1.88,0.0,4.39,4.1,121,0.0,0.07219570405727924
4ULN_J,3,base,0.77,99.0,12.4,22.5,0.0,0.52,2.29,0.0,3.86,3.78,121,0.0,0.07219570405727924
4ULN_J,4,base,1.55,99.0,9.92,20.83,0.0,0.83,2.29,0.0,4.54,4.48,121,0.0,0.07219570405727924
4ULN_J,2,base,2.07,99.0,9.92,28.33,0.0,1.05,2.08,0.0,4.24,3.94,121,0.0,0.07219570405727924
4ULN_J,5,base,1.03,99.0,9.09,15.83,0.0,0.47,1.25,0.0,4.55,4.36,121,0.0,0.07219570405727924
4ULN_J,6,base,0.26,99.0,11.57,22.5,0.0,0.54,1.88,0.0,4.33,4.23,121,0.0,0.07219570405727924
4ULN_J,7,base,4.64,95.0,13.22,52.89,0.0,0.73,0.21,0.0,2.66,2.15,121,0.0,0.07219570405727924
4UKI_J,6,base,0.52,99.0,14.88,31.67,0.0,0.83,2.92,0.0,4.48,4.3,121,0.0,0.07219570405727924
4UKI_J,1,base,1.03,99.0,13.22,28.33,0.0,0.81,2.71,0.0,4.31,4.12,121,0.0,0.07219570405727924
4UKI_J,4,base,2.58,98.0,9.92,25.83,0.03,1.43,2.08,1.0,4.5,4.46,121,0.0016666666666666,0.07219570405727924
4UKI_J,2,base,0.52,99.0,16.53,32.5,0.0,1.01,3.13,0.0,4.07,3.91,121,0.0,0.07219570405727924
4UKI_J,3,base,1.03,99.0,11.57,21.67,0.0,0.4,1.67,0.0,3.89,3.78,121,0.0,0.07219570405727924
4UKI_J,5,base,0.52,99.0,6.61,14.17,0.0,0.54,1.25,0.0,4.55,4.41,121,0.0,0.07219570405727924
4UKI_J,7,base,3.61,97.0,11.57,51.24,0.0,0.8,0.41,0.0,2.62,2.14,121,0.0,0.07219570405727924
4UJX_J,1,base,0.26,99.0,6.61,15.83,0.0,0.63,0.63,0.0,4.46,4.16,121,0.0,0.07219570405727924
4UJX_J,4,base,1.55,99.0,8.26,20.83,0.0,0.96,2.08,0.0,4.49,4.49,121,0.0,0.07219570405727924
4UJX_J,5,base,0.52,99.0,10.74,20.83,0.0,0.72,1.88,0.0,4.46,4.37,121,0.0,0.07219570405727924
4UJX_J,2,base,2.32,99.0,16.53,32.5,0.0,0.96,2.92,0.0,4.09,3.96,121,0.0,0.07219570405727924
4UJX_J,3,base,2.32,99.0,6.61,15.83,0.0,0.61,1.25,0.0,3.99,3.84,121,0.0,0.07219570405727924
4UJX_J,6,base,0.0,100.0,14.05,29.17,0.0,0.96,2.5,0.0,4.41,4.23,121,0.0,0.07219570405727924
4UJX_J,7,base,2.83,98.0,9.09,44.63,0.0,0.85,0.21,0.0,2.69,2.1,121,0.0,0.07219570405727924
4UK5_B,4,base,2.58,98.0,11.57,20.0,0.0,0.74,2.08,0.0,4.41,4.41,121,0.0,0.07219570405727924
4UK5_B,5,base,2.32,99.0,15.7,30.0,0.0,1.01,3.96,1.0,4.49,4.31,121,0.0016666666666666,0.07219570405727924
4UK5_B,1,base,1.03,99.0,7.44,20.0,0.0,0.85,1.46,0.0,4.21,3.98,121,0.0,0.07219570405727924
4UK5_B,6,base,1.03,99.0,10.74,25.83,0.0,0.7,1.88,0.0,4.24,4.16,121,0.0,0.07219570405727924
4UK5_B,2,base,0.77,99.0,9.92,24.17,0.0,0.87,1.67,0.0,3.98,3.75,121,0.0,0.07219570405727924
4UK5_B,3,base,1.03,99.0,11.57,22.5,0.0,0.67,1.88,0.0,3.82,3.65,121,0.0,0.07219570405727924
4UK5_B,7,base,3.35,97.0,9.09,48.76,0.0,0.76,0.41,0.0,2.78,2.17,121,0.0,0.07219570405727924
3J2L_3,4,base,1.23,99.0,8.73,20.0,0.0,0.77,1.4,0.0,6.71,6.84,126,0.0,0.07517899761336516
3J2L_3,1,base,0.99,99.0,12.7,28.0,0.0,0.86,2.4,0.0,6.79,7.04,126,0.0,0.07517899761336516
3J2L_3,6,base,0.49,99.0,9.52,20.8,0.0,0.73,1.4,0.0,6.68,7.07,126,0.0,0.07517899761336516
3J2L_3,5,base,0.0,100.0,9.52,20.8,0.0,0.73,1.6,0.0,6.63,6.83,126,0.0,0.07517899761336516
3J2L_3,2,base,0.99,99.0,9.52,21.6,0.03,0.62,1.6,0.0,6.45,6.77,126,0.0,0.07517899761336516
3J2L_3,3,base,0.25,99.0,6.35,19.2,0.0,0.66,1.0,0.0,6.82,7.21,126,0.0,0.07517899761336516
3J2L_3,7,base,4.43,95.0,10.32,51.59,0.0,0.49,0.0,0.0,3.39,2.89,126,0.0,0.07517899761336516
4ULK_B,6,base,0.52,99.0,11.57,25.83,0.0,1.12,2.5,0.0,4.39,4.25,121,0.0,0.07219570405727924
4ULK_B,5,base,1.03,99.0,12.4,25.83,0.03,1.19,2.71,1.0,4.5,4.33,121,0.0016666666666666,0.07219570405727924
4ULK_B,3,base,1.81,99.0,15.7,25.83,0.0,0.81,2.92,0.0,3.8,3.68,121,0.0,0.07219570405727924
4ULK_B,2,base,1.29,99.0,10.74,26.67,0.0,0.94,2.08,0.0,3.98,3.78,121,0.0,0.07219570405727924
4ULK_B,1,base,0.52,99.0,9.09,20.0,0.0,0.85,1.67,0.0,4.11,3.91,121,0.0,0.07219570405727924
4ULK_B,4,base,1.03,99.0,9.92,23.33,0.0,0.87,2.08,0.0,4.46,4.41,121,0.0,0.07219570405727924
4ULK_B,7,base,2.06,99.0,11.57,46.28,0.0,0.87,0.0,0.0,2.61,2.17,121,0.0,0.07219570405727924
3TS2_V,5,var1,0.0,100.0,4.35,22.73,0.0,0.74,1.14,0.0,5.52,4.66,24,0.0,0.014319809069212411
3TS2_V,1,var1,0.0,100.0,17.39,40.91,0.0,0.49,4.55,0.0,4.88,3.72,24,0.0,0.014319809069212411
3TS2_V,4,var1,0.0,100.0,17.39,27.27,0.0,0.74,3.41,0.0,5.14,4.13,24,0.0,0.014319809069212411
3TS2_V,3,var1,0.0,100.0,21.74,45.45,0.0,0.61,4.55,0.0,4.4,3.23,24,0.0,0.014319809069212411
3TS2_V,6,var1,0.0,100.0,26.09,50.0,0.0,1.23,2.27,0.0,4.75,3.77,24,0.0,0.014319809069212411
3TS2_V,2,var1,0.0,100.0,8.7,22.73,0.0,1.11,2.27,0.0,5.56,4.58,24,0.0,0.014319809069212411
3TS2_V,7,base,2.7,98.0,4.35,60.87,0.0,0.23,0.0,0.0,5.02,3.3,24,0.0,0.014319809069212411
4UJG_B,6,base,1.55,99.0,14.05,30.83,0.0,0.78,3.13,0.0,4.34,4.15,121,0.0,0.07219570405727924
4UJG_B,3,base,0.26,99.0,11.57,25.83,0.0,0.56,2.08,0.0,3.89,3.7,121,0.0,0.07219570405727924
4UJG_B,4,base,1.03,99.0,15.7,28.33,0.0,1.05,2.71,0.0,4.44,4.38,121,0.0,0.07219570405727924
4UJG_B,5,base,1.03,99.0,12.4,24.17,0.0,0.76,2.71,0.0,4.47,4.34,121,0.0,0.07219570405727924
4UJG_B,2,base,1.29,99.0,8.26,20.0,0.0,0.56,1.67,0.0,3.93,3.78,121,0.0,0.07219570405727924
4UJG_B,1,base,2.32,99.0,14.05,30.0,0.0,1.21,2.5,0.0,4.13,3.9,121,0.0,0.07219570405727924
4UJG_B,7,base,4.12,96.0,9.09,50.41,0.0,0.58,0.83,0.0,2.71,2.09,121,0.0,0.07219570405727924
4UKX_J,4,base,2.07,99.0,6.61,20.83,0.0,0.74,1.46,0.0,4.53,4.5,121,0.0,0.07219570405727924
4UKX_J,5,base,1.29,99.0,7.44,17.5,0.0,0.65,1.46,0.0,4.53,4.38,121,0.0,0.07219570405727924
4UKX_J,1,base,0.26,99.0,4.96,11.67,0.0,0.49,0.83,0.0,4.35,4.11,121,0.0,0.07219570405727924
4UKX_J,2,base,1.81,99.0,17.36,34.17,0.0,1.05,3.54,0.0,4.19,3.96,121,0.0,0.07219570405727924
4UKX_J,6,base,0.26,99.0,8.26,24.17,0.0,0.65,1.04,0.0,4.54,4.32,121,0.0,0.07219570405727924
4UKX_J,3,base,1.55,99.0,10.74,20.83,0.0,0.7,1.67,0.0,3.99,3.83,121,0.0,0.07219570405727924
4UKX_J,7,base,2.83,98.0,11.57,52.07,0.0,0.85,0.21,0.0,2.57,2.16,121,0.0,0.07219570405727924
4ULC_J,3,base,0.26,99.0,8.26,16.67,0.0,0.52,1.25,0.0,3.95,3.81,121,0.0,0.07219570405727924
4ULC_J,1,base,1.03,99.0,9.09,26.67,0.0,0.96,1.88,0.0,4.27,4.16,121,0.0,0.07219570405727924
4ULC_J,4,base,0.77,99.0,5.79,15.83,0.0,0.63,1.46,0.0,4.51,4.48,121,0.0,0.07219570405727924
4ULC_J,5,base,0.77,99.0,10.74,21.67,0.0,0.65,2.08,0.0,4.62,4.39,121,0.0,0.07219570405727924
4ULC_J,2,base,0.77,99.0,12.4,29.17,0.0,0.83,2.29,0.0,4.06,3.95,121,0.0,0.07219570405727924
4ULC_J,6,base,0.77,99.0,7.44,18.33,0.0,0.74,1.46,0.0,4.31,4.21,121,0.0,0.07219570405727924
4ULC_J,7,base,3.35,97.0,12.4,50.41,0.0,0.69,0.0,0.0,2.58,2.15,121,0.0,0.07219570405727924
4UKC_J,6,base,0.26,99.0,12.4,27.5,0.0,0.58,2.5,0.0,4.42,4.27,121,0.0,0.07219570405727924
4UKC_J,2,base,0.77,99.0,14.88,31.67,0.03,1.35,2.71,0.0,4.13,3.9,121,0.0,0.07219570405727924
4UKC_J,4,base,1.29,99.0,9.09,23.33,0.0,0.7,1.88,0.0,4.47,4.45,121,0.0,0.07219570405727924
4UKC_J,3,base,1.03,99.0,11.57,20.83,0.0,0.56,1.88,0.0,3.85,3.75,121,0.0,0.07219570405727924
4UKC_J,5,base,1.03,99.0,4.96,15.83,0.0,0.54,1.04,0.0,4.43,4.38,121,0.0,0.07219570405727924
4UKC_J,1,base,0.52,99.0,8.26,18.33,0.03,0.94,1.67,0.0,4.37,4.05,121,0.0,0.07219570405727924
4UKC_J,7,base,3.09,98.0,10.74,43.8,0.0,0.78,0.62,0.0,2.74,2.11,121,0.0,0.07219570405727924
4QK8_A,5,base,13.48,56.0,10.0,27.73,0.42,5.28,0.84,12.0,5.9,5.91,121,0.02,0.07219570405727924
4QK8_A,1,base,1.04,99.0,10.0,25.21,0.0,0.65,1.89,0.0,10.79,11.05,121,0.0,0.07219570405727924
4QK8_A,4,base,0.26,99.0,10.0,23.53,0.0,0.63,2.31,0.0,11.07,11.37,121,0.0,0.07219570405727924
4QK8_A,6,base,3.89,96.0,11.67,26.05,0.0,1.06,2.1,1.0,11.73,12.04,121,0.0016666666666666,0.07219570405727924
4QK8_A,3,base,23.59,23.0,10.83,23.53,0.6,5.53,0.21,9.0,11.36,11.79,121,0.015,0.07219570405727924
4QK8_A,2,base,0.0,100.0,7.5,22.69,0.0,0.65,1.47,0.0,6.26,6.22,121,0.0,0.07219570405727924
4QK8_A,7,base,5.94,91.0,10.0,60.0,0.0,1.09,1.46,0.0,2.62,1.91,121,0.0,0.07219570405727924
4UK2_J,4,base,0.77,99.0,9.09,22.5,0.0,0.43,2.08,0.0,4.6,4.49,121,0.0,0.07219570405727924
4UK2_J,6,base,0.26,99.0,11.57,22.5,0.0,0.56,1.88,0.0,4.35,4.25,121,0.0,0.07219570405727924
4UK2_J,5,base,1.29,99.0,12.4,22.5,0.0,0.67,1.88,0.0,4.51,4.38,121,0.0,0.07219570405727924
4UK2_J,2,base,1.55,99.0,9.92,26.67,0.0,0.87,1.25,0.0,4.17,3.92,121,0.0,0.07219570405727924
4UK2_J,3,base,1.03,99.0,9.09,24.17,0.0,0.78,1.88,1.0,4.03,3.81,121,0.0016666666666666,0.07219570405727924
4UK2_J,1,base,0.26,99.0,6.61,17.5,0.0,0.58,1.25,0.0,4.39,4.12,121,0.0,0.07219570405727924
4UK2_J,7,base,2.32,99.0,10.74,59.5,0.0,1.11,0.41,0.0,2.64,2.16,121,0.0,0.07219570405727924
4UKG_B,1,base,0.26,99.0,6.61,20.83,0.0,0.58,1.04,0.0,4.12,3.94,121,0.0,0.07219570405727924
4UKG_B,3,base,0.26,99.0,10.74,25.83,0.0,0.76,2.08,0.0,3.79,3.68,121,0.0,0.07219570405727924
4UKG_B,4,base,2.07,99.0,9.09,24.17,0.0,1.05,2.08,0.0,4.43,4.38,121,0.0,0.07219570405727924
4UKG_B,6,base,0.26,99.0,9.92,20.0,0.0,0.52,1.46,0.0,4.25,4.14,121,0.0,0.07219570405727924
4UKG_B,5,base,1.29,99.0,14.05,27.5,0.0,0.7,2.71,0.0,4.4,4.29,121,0.0,0.07219570405727924
4UKG_B,2,base,0.77,99.0,14.88,33.33,0.0,1.35,3.33,0.0,4.02,3.78,121,0.0,0.07219570405727924
4UKG_B,7,base,3.35,97.0,13.22,47.93,0.0,0.82,0.62,0.0,2.59,2.16,121,0.0,0.07219570405727924
4UJL_B,6,base,0.77,99.0,15.7,31.67,0.0,0.9,2.5,1.0,4.46,4.23,121,0.0016666666666666,0.07219570405727924
4UJL_B,4,base,0.52,99.0,6.61,20.83,0.0,0.63,1.46,0.0,4.46,4.38,121,0.0,0.07219570405727924
4UJL_B,2,base,2.58,98.0,13.22,30.83,0.0,1.37,2.71,0.0,4.02,3.78,121,0.0,0.07219570405727924
4UJL_B,1,base,1.03,99.0,5.79,19.17,0.0,0.54,1.46,0.0,4.28,3.95,121,0.0,0.07219570405727924
4UJL_B,3,base,2.32,99.0,11.57,21.67,0.0,0.87,2.29,0.0,3.94,3.72,121,0.0,0.07219570405727924
4UJL_B,5,base,2.58,98.0,9.09,24.17,0.0,0.76,2.29,0.0,4.58,4.3,121,0.0,0.07219570405727924
4UJL_B,7,base,2.32,99.0,7.44,47.93,0.0,0.62,0.83,1.0,2.66,2.14,121,0.0016666666666666,0.07219570405727924
4UKQ_B,1,base,0.77,99.0,8.26,19.17,0.0,0.63,1.67,0.0,4.13,3.92,121,0.0,0.07219570405727924
4UKQ_B,3,base,1.55,99.0,11.57,26.67,0.0,0.67,2.5,0.0,3.83,3.68,121,0.0,0.07219570405727924
4UKQ_B,2,base,1.29,99.0,8.26,20.83,0.0,0.92,1.67,0.0,3.92,3.76,121,0.0,0.07219570405727924
4UKQ_B,4,base,1.81,99.0,9.92,22.5,0.0,0.76,1.67,0.0,4.35,4.34,121,0.0,0.07219570405727924
4UKQ_B,6,base,0.77,99.0,10.74,22.5,0.03,0.87,1.88,0.0,4.31,4.18,121,0.0,0.07219570405727924
4UKQ_B,5,base,0.26,99.0,11.57,25.83,0.0,0.54,2.08,0.0,4.39,4.29,121,0.0,0.07219570405727924
4UKQ_B,7,base,2.83,98.0,9.92,49.59,0.0,0.6,0.83,0.0,2.66,2.19,121,0.0,0.07219570405727924
4UKS_J,2,base,2.07,99.0,19.01,31.67,0.0,1.37,3.13,0.0,4.16,3.95,121,0.0,0.07219570405727924
4UKS_J,6,base,0.77,99.0,14.05,27.5,0.0,1.08,3.33,0.0,4.49,4.28,121,0.0,0.07219570405727924
4UKS_J,5,base,0.52,99.0,10.74,23.33,0.0,0.9,2.08,1.0,4.55,4.41,121,0.0016666666666666,0.07219570405727924
4UKS_J,4,base,1.29,99.0,8.26,18.33,0.0,0.61,1.46,0.0,4.54,4.47,121,0.0,0.07219570405727924
4UKS_J,3,base,1.29,99.0,9.92,20.83,0.0,0.47,1.46,0.0,3.91,3.78,121,0.0,0.07219570405727924
4UKS_J,1,base,0.77,99.0,9.92,23.33,0.0,1.1,2.08,1.0,4.35,4.11,121,0.0016666666666666,0.07219570405727924
4UKS_J,7,base,4.38,95.0,11.57,47.93,0.0,0.53,0.41,0.0,2.82,2.16,121,0.0,0.07219570405727924
3TS0_U,1,var1,0.0,100.0,18.18,38.1,0.0,0.64,4.76,0.0,4.17,2.75,23,0.0,0.013723150357995227
3TS0_U,6,var1,0.0,100.0,27.27,66.67,0.0,0.77,5.95,0.0,8.46,8.29,23,0.0,0.013723150357995227
3TS0_U,5,var1,0.0,100.0,27.27,42.86,0.0,1.66,5.95,0.0,3.83,2.8,23,0.0,0.013723150357995227
3TS0_U,4,var1,1.43,99.0,22.73,47.62,0.0,0.64,4.76,0.0,4.12,2.99,23,0.0,0.013723150357995227
3TS0_U,3,var1,0.0,100.0,18.18,33.33,0.0,1.02,3.57,0.0,3.55,2.49,23,0.0,0.013723150357995227
3TS0_U,2,var1,1.43,99.0,22.73,38.1,0.0,1.53,4.76,0.0,3.85,2.78,23,0.0,0.013723150357995227
3TS0_U,7,base,1.41,99.0,9.09,63.64,0.0,0.24,0.0,0.0,4.42,2.26,23,0.0,0.013723150357995227
4ULF_B,3,base,1.29,99.0,7.44,19.17,0.0,0.45,1.04,0.0,3.92,3.69,121,0.0,0.07219570405727924
4ULF_B,6,base,0.77,99.0,10.74,25.83,0.0,0.67,2.29,0.0,4.29,4.18,121,0.0,0.07219570405727924
4ULF_B,1,base,0.0,100.0,9.09,22.5,0.0,0.74,1.67,0.0,4.2,3.94,121,0.0,0.07219570405727924
4ULF_B,4,base,1.55,99.0,7.44,18.33,0.0,0.34,1.88,0.0,4.39,4.35,121,0.0,0.07219570405727924
4ULF_B,2,base,2.32,99.0,9.92,25.83,0.0,1.08,1.88,0.0,3.93,3.75,121,0.0,0.07219570405727924
4ULF_B,5,base,1.55,99.0,12.4,26.67,0.0,0.94,2.71,0.0,4.45,4.28,121,0.0,0.07219570405727924
4ULF_B,7,base,3.35,97.0,11.57,55.37,0.0,0.96,0.62,0.0,2.67,2.21,121,0.0,0.07219570405727924
2WWQ_V,1,var1,0.82,99.0,11.84,18.67,0.0,0.93,1.33,0.0,4.08,4.0,76,0.0,0.045346062052505964
2WWQ_V,4,var1,0.82,99.0,10.53,25.33,0.0,0.71,2.0,0.0,4.04,4.0,76,0.0,0.045346062052505964
2WWQ_V,5,var1,0.82,99.0,11.84,26.67,0.0,0.93,1.33,0.0,9.07,9.19,76,0.0,0.045346062052505964
2WWQ_V,6,var1,1.64,99.0,10.53,25.33,0.0,0.79,1.0,0.0,3.82,3.81,76,0.0,0.045346062052505964
2WWQ_V,3,var1,0.82,99.0,17.11,34.67,0.0,0.89,4.0,0.0,4.58,4.23,76,0.0,0.045346062052505964
2WWQ_V,2,var1,0.82,99.0,10.53,22.67,0.0,0.61,2.0,0.0,8.29,8.36,76,0.0,0.045346062052505964
2WWQ_V,7,base,3.67,97.0,9.21,55.26,0.0,0.74,0.66,0.0,3.44,3.11,76,0.0,0.045346062052505964
4UJI_J,2,base,1.81,99.0,10.74,24.17,0.0,0.92,1.67,0.0,4.2,3.97,121,0.0,0.07219570405727924
4UJI_J,1,base,1.29,99.0,5.79,16.67,0.0,0.47,0.63,0.0,4.25,4.09,121,0.0,0.07219570405727924
4UJI_J,4,base,1.03,99.0,10.74,26.67,0.0,0.72,1.88,0.0,4.68,4.55,121,0.0,0.07219570405727924
4UJI_J,6,base,1.29,99.0,10.74,30.0,0.0,1.03,2.08,0.0,4.43,4.25,121,0.0,0.07219570405727924
4UJI_J,5,base,1.81,99.0,9.92,22.5,0.0,0.63,1.88,0.0,4.44,4.33,121,0.0,0.07219570405727924
4UJI_J,3,base,0.52,99.0,6.61,15.83,0.0,0.38,1.04,0.0,3.98,3.81,121,0.0,0.07219570405727924
4UJI_J,7,base,1.55,99.0,8.26,50.41,0.0,0.73,0.83,0.0,2.61,2.15,121,0.0,0.07219570405727924
3AMU_B,3,var1,1.6,99.0,11.54,22.08,0.0,1.22,2.27,0.0,4.06,3.68,76,0.0,0.045346062052505964
3AMU_B,6,var1,0.4,99.0,12.82,25.97,0.0,0.91,1.95,0.0,4.07,3.99,76,0.0,0.045346062052505964
3AMU_B,1,var1,2.4,99.0,11.54,18.18,0.0,1.15,2.27,0.0,4.34,3.97,76,0.0,0.045346062052505964
3AMU_B,4,var1,0.4,99.0,15.38,32.47,0.0,0.8,2.6,0.0,4.42,4.13,76,0.0,0.045346062052505964
3AMU_B,5,var1,0.8,99.0,12.82,25.97,0.0,1.22,1.95,0.0,4.32,4.07,76,0.0,0.045346062052505964
3AMU_B,2,var1,0.8,99.0,11.54,25.97,0.0,0.98,1.95,0.0,4.25,4.05,76,0.0,0.045346062052505964
3AMU_B,7,base,2.79,98.0,15.38,55.13,0.0,0.59,0.64,0.0,3.48,3.09,76,0.0,0.045346062052505964
4UL5_B,6,base,0.77,99.0,7.44,22.5,0.0,0.47,1.46,0.0,4.24,4.17,121,0.0,0.07219570405727924
4UL5_B,4,base,0.26,99.0,12.4,27.5,0.0,0.94,2.71,0.0,4.39,4.35,121,0.0,0.07219570405727924
4UL5_B,1,base,1.55,99.0,11.57,25.83,0.0,1.28,2.29,0.0,4.34,3.96,121,0.0,0.07219570405727924
4UL5_B,3,base,1.55,99.0,10.74,21.67,0.0,0.67,1.88,0.0,3.78,3.66,121,0.0,0.07219570405727924
4UL5_B,2,base,2.32,99.0,14.05,29.17,0.0,0.96,2.71,0.0,4.02,3.78,121,0.0,0.07219570405727924
4UL5_B,5,base,0.52,99.0,8.26,20.83,0.0,1.03,1.88,0.0,4.39,4.28,121,0.0,0.07219570405727924
4UL5_B,7,base,4.89,94.0,12.4,57.02,0.0,0.94,0.0,0.0,2.65,2.2,121,0.0,0.07219570405727924
4UJV_B,3,base,0.26,99.0,9.09,22.5,0.0,0.67,1.46,0.0,3.81,3.67,121,0.0,0.07219570405727924
4UJV_B,1,base,1.03,99.0,5.79,21.67,0.0,0.72,1.25,0.0,4.27,3.99,121,0.0,0.07219570405727924
4UJV_B,2,base,0.77,99.0,14.05,27.5,0.0,1.37,2.08,1.0,4.0,3.8,121,0.0016666666666666,0.07219570405727924
4UJV_B,5,base,1.29,99.0,9.09,20.83,0.0,0.58,1.67,0.0,4.53,4.31,121,0.0,0.07219570405727924
4UJV_B,4,base,2.07,99.0,12.4,25.83,0.0,1.1,2.29,0.0,4.6,4.41,121,0.0,0.07219570405727924
4UJV_B,6,base,1.29,99.0,12.4,24.17,0.0,0.87,2.5,0.0,4.39,4.22,121,0.0,0.07219570405727924
4UJV_B,7,base,3.09,98.0,9.92,43.8,0.0,0.67,0.21,0.0,2.62,2.12,121,0.0,0.07219570405727924
3WQY_C,6,var1,0.83,99.0,16.0,39.19,0.0,0.65,3.72,0.0,12.64,12.94,1676,0.0,1.0
3WQY_C,4,var1,0.83,99.0,8.0,25.68,0.0,0.83,2.03,0.0,12.71,13.08,1676,0.0,1.0
3WQY_C,1,var1,0.41,99.0,9.33,17.57,0.0,0.36,2.03,0.0,9.6,10.16,1676,0.0,1.0
3WQY_C,2,var1,0.41,99.0,8.0,21.62,0.0,0.83,0.68,0.0,9.06,9.66,1676,0.0,1.0
3WQY_C,3,var1,1.24,99.0,12.0,24.32,0.0,0.87,2.7,0.0,10.64,11.06,1676,0.0,1.0
3WQY_C,5,var1,2.9,98.0,18.67,37.84,0.0,1.59,3.04,0.0,13.55,13.75,1676,0.0,1.0
3WQY_C,7,base,2.48,99.0,13.33,52.0,0.0,0.75,0.0,0.0,3.3,2.67,1676,0.0,1.0
